,Unnamed: 0.1,Unnamed: 0,number,Mean_MeanAct,Mean_Q99Act,Std_MeanAct,Std_Q99Act,CV_MeanAct,CV_Q99Act
30,7,7,control_8,380.2007870370371,1970.728666666663,125.20210214272352,613.6977733829874,0.3293052155900114,0.3114065288455007
52,29,29,control_30,218.86478174603167,1494.918571428569,69.88155308859963,450.2417285082637,0.3192909911366617,0.30118144032287
23,0,0,control_1,193.0907118055556,1747.4268749999974,79.18037516743689,488.1833445980263,0.4100682753045749,0.2793726888274092
1,1,1,condition_2,211.28073830409355,1538.7773684210504,80.92441400065069,528.810407254308,0.383018417344686,0.3436562157116489
16,16,16,condition_17,86.65853174603174,839.9771428571422,11.406454309819138,481.2042619612493,0.1316252892819345,0.5728778051322395
43,20,20,control_21,259.11641865079366,1508.419999999998,54.87617436393542,215.36210551605427,0.2117819266323335,0.1427733028705894
25,2,2,control_3,249.64126984126983,1502.539999999998,52.55853240538888,193.96730438202823,0.210536232405833,0.1290929388781853
53,30,30,control_31,333.0774801587302,2210.7414285714262,119.62056935033496,852.5281662918105,0.359137367357676,0.3856299770175797
11,11,11,condition_12,152.20257936507937,1150.9285714285693,63.11993057673883,315.606818705151,0.414709992695569,0.2742192926129288
19,19,19,condition_20,65.37058531746031,721.2699999999978,17.739953401031183,117.81496013142484,0.2713751653726265,0.1633437688125461
46,23,23,control_24,357.70897817460315,2635.94214285714,119.86170913326724,1205.541015836578,0.3350816346431229,0.457347297664839
17,17,17,condition_18,71.43839285714286,665.4914285714277,9.301415324772094,96.54726477877908,0.130201911783939,0.1450766465708379
28,5,5,control_6,279.5352941176471,2064.458235294115,124.96957706630744,572.223333293428,0.4470618905593793,0.2771784497795401
51,28,28,control_29,266.3998015873016,1747.5664285714265,64.43161114082605,218.6194126649237,0.2418605823162043,0.1250993433443541
34,11,11,control_12,139.7829166666667,915.6193333333327,48.59936952073608,190.0240361287661,0.3476774607345514,0.2075360678951364
42,19,19,control_20,322.97657407407405,1850.555333333329,122.23160518199558,777.7439053337596,0.3784534699843648,0.4202759524800815
12,12,12,condition_13,250.22138888888887,1472.3413333333308,66.7627819035055,202.97792574798007,0.2668148482428557,0.1378606449147529
0,0,0,condition_1,152.19962962962964,1248.3653333333314,59.21824047264119,537.7506276660565,0.389082684476604,0.4307638263473545
40,17,17,control_18,282.2176587301587,1642.4642857142833,88.6772196005255,308.6981242302855,0.3142157014537275,0.1879481501760857
27,4,4,control_5,246.0089869281046,1403.4670588235274,132.27866474922908,525.1968682285334,0.537698506062655,0.3742138904697811
24,1,1,control_2,407.4586970899471,2044.7390476190456,137.73022685750874,352.1169057132131,0.3380225476623084,0.1722062803677703
45,22,22,control_23,197.0567460317461,1215.7607142857123,50.74227737749612,206.53156888380107,0.2575008387143543,0.1698784690580688
4,4,4,condition_5,172.62237103174604,1300.53857142857,46.444163630801086,259.8164908266871,0.2690506644834567,0.1997760747236377
2,2,2,condition_3,280.81071428571425,1605.269999999997,61.5777696857456,287.3497079545036,0.2192856844596483,0.1790039731350514
48,25,25,control_26,315.5077256944445,1826.9818749999968,126.42142252367132,565.8033935354658,0.4006920028516353,0.3096929429228556
38,15,15,control_16,225.28060185185183,1300.921999999999,78.71131851930491,345.4527843528588,0.3493923483525969,0.2655445786548764
22,22,22,condition_23,246.3935049019608,1555.232352941175,59.11356960550956,239.2106039280396,0.2399152917161134,0.1538102030064233
35,12,12,control_13,175.27683531746035,1232.5328571428558,65.25758054440989,264.44957182298987,0.3723114947061644,0.2145578272339226
32,9,9,control_10,290.43978174603177,1865.657142857139,83.29843339060564,324.4917223177613,0.2868010466398297,0.1739289148384586
6,6,6,condition_7,295.9755876068376,1651.8876923076896,148.63997416603078,401.2246917076491,0.50220349376746,0.242888601674329
33,10,10,control_11,189.5217261904762,1413.9314285714252,57.9361983673252,305.6214345799789,0.3056968693346388,0.2161501105387872
29,6,6,control_7,360.26116071428567,2557.2092857142816,127.2776093331119,1520.2881178172706,0.3532926199448201,0.5945106356019753
41,18,18,control_19,202.425,1345.2513333333316,73.0118982468204,374.1056504302089,0.3606861714058065,0.2780934990811204
